question_hash,question_num,question_html,correct_answer,all_answers
8d9842bb52e23f89b2638d96d605003f,,МОРФОЛОГИЧЕСКУЮ ГРУППУ ЛЕКАРСТВЕННОГО РАСТИТЕЛЬНОГО СЫРЬЯ – РОЖКИ ЗАГОТАВЛИВАЮТ ОТ,спорыньи эрготаминового штамма,[+] спорыньи эрготаминового штамма | эфедры хвощевой | хинного дерева | видов ольхи
4df21af67c9c19bec8fd76c66c2ef61f,,КОЛИЧЕСТВЕННЫЙ АНАЛИЗ КОНЦЕНТРАТА КАЛЬЦИЯ ХЛОРИДА 20% МОЖНО ПРОВЕСТИ,рефрактометрически,[+] рефрактометрически | нитритометрически | нейтрализацией | йодометрически
b2127c70ae59bd553bdb18eee4d0583d,,ЛЕКАРСТВЕННОЕ РАСТИТЕЛЬНОЕ СЫРЬЕ «FLORES» ЗАГОТАВЛИВАЮТ ОТ РАСТЕНИЙ,tilia cordata,[+] tilia cordata | valeriana officinalis | chelidonium majus | rosa majalis
1a819d1d05b874fa5234d86b3057e31a,,МОРФОЛОГИЧЕСКУЮ ГРУППУ ЛЕКАРСТВЕННОГО РАСТИТЕЛЬНОГО СЫРЬЯ – ТРАВУ ЗАГОТАВЛИВАЮТ ОТ,горицвета весеннего,[+] горицвета весеннего | наперстянки шерстистой | наперстянки пурпурной | диоскореи ниппонской
8868fb02a10c1dc0d8f20865cfa1750c,,РАСТВОР ФЛОРОГЛЮЦИНА В СЕРНОЙ КИСЛОТЕ ИСПОЛЬЗУЮТ ДЛЯ ВЫЯВЛЕНИЯ В СЫРЬЕ,одревесневших элементов,[+] одревесневших элементов | крахмальных зерен | млечных ходов | кристаллических включений
aa1ea2dc630805ecb44b740deb6c946d,,ДЛЯ КРОВОХЛЕБКИ ЛЕКАРСТВЕННОЙ КОРНЕВИЩ И КОРНЕЙ ПРОВОДЯТ ПО ГОСУДАРСТВЕННОЙ ФАРМАКОПЕЕ XIV КОЛИЧЕСТВЕННОЕ ОПРЕДЕЛЕНИЕ,дубильных веществ,[+] дубильных веществ | экстрактивных веществ | фенологликозидов | полисахаридов
383688f51efbdb2b748e25665a25f508,,"МЕТОД ПЕРЕГОНКИ С ВОДЯНЫМ ПАРОМ ИСПОЛЬЗУЮТ ДЛЯ ЛЕКАРСТВЕННОГО РАСТИТЕЛЬНОГО СЫРЬЯ, СОДЕРЖАЩЕГО",эфирное масло,[+] эфирное масло | сапонины | полисахариды | флавоноиды
6e7100c031b0c38e1a229d1bbae472df,,ПРИ ПОТЕНЦИОМЕТРИЧЕСКОМ ТИТРОВАНИИ СЕРЕБРЯНЫЙ ЭЛЕКТРОД МОЖЕТ БЫТЬ ИСПОЛЬЗОВАН В КАЧЕСТВЕ ИНДИКАТОРНОГО В РЕАКЦИЯХ,осаждения,[+] осаждения | комплексообразования | нейтрализации | окислительно-восстановительных
87f28b514c486d6895655d7a40cc7b03,,РЕАКТИВ МОЛИША ПРИМЕНЯЮТ ДЛЯ ОБНАРУЖЕНИЯ В ЛЕКАРСТВЕННОМ РАСТИТЕЛЬНОМ СЫРЬЕ,инулина,[+] инулина | сапонинов | флавоноидов | эфирного масла
21cff4125db3551f8fb7ecb8629a0f6b,,ЗАГОТОВКА СЫРЬЯ БАГУЛЬНИКА БОЛОТНОГО ПРОИЗВОДИТСЯ,в конце лета – начале осени в фазу созревания плодов,[+] в конце лета – начале осени в фазу созревания плодов | в начале лета в фазу бутонизации и цветения | летом до начала созревания плодов | весной до начала отрастания новых побегов
661206326528e609ad3def9d57888107,,ЛЕКАРСТВЕННОЕ РАСТИТЕЛЬНОЕ СЫРЬЕ «FOLIA» ЗАГОТАВЛИВАЮТ ОТ РАСТЕНИЙ,Cassia (Senna) acutifolia,[+] Cassia (Senna) acutifolia | Glaucium flavum | Tilia cordata | Rosa majalis
4555140351e536cc581f48dd76ce7f85,,СТАНДАРТИЗАЦИЯ СЫРЬЯ «ЭЛЕУТЕРОКОККА КОЛЮЧЕГО КОРНЕВИЩА И КОРНИ» ПРОВОДИТСЯ ПО СОДЕРЖАНИЮ СУММЫ,элеутерозидов в пересчете на элеутерозид В,[+] элеутерозидов в пересчете на элеутерозид В | ксантонов в пересчете на алпизарин | производных антрацена в пересчете на истизин | флавоноидов в пересчете на рутин
0f408f8338d244e89c6c97e01ed5075b,,ЭОЗИНАТ НАТРИЯ ОТНОСЯТ К КЛАССИФИКАЦИОННОЙ ГРУППЕ ИНДИКАТОРОВ,адсорбционных,[+] адсорбционных | кислотно-основных | комплексонометрических | окислительно-восстановительных
d14722691dae2cd94337694231b86026,,"ИНДИКАТОРОМ, ИСПОЛЬЗУЕМЫМ ПРИ КОЛИЧЕСТВЕННОМ ОПРЕДЕЛЕНИИ ЛЕКАРСТВЕННЫХ ВЕЩЕСТВ МЕТОДОМ ПРЯМОЙ БРОМАТОМЕТРИИ, ЯВЛЯЕТСЯ",метиловый оранжевый,[+] метиловый оранжевый | крахмал | кристаллический фиолетовый | фенолфталеин
b439de9449da468da157798f55bcf3dd,,"ПОЯВЛЕНИЕ ГОЛУБОГО ОКРАШИВАНИЯ ПРИ ОСМОТРЕ ПРИ ДНЕВНОМ ОСВЕЩЕНИИ СУБСТАНЦИИ КАЛИЯ ХЛОРИДА, УВЛАЖНЕННОЙ СВЕЖЕПРИГОТОВЛЕННОЙ СМЕСЬЮ, СОСТОЯЩЕЙ ИЗ НАТРИЯ НИТРИТА, СЕРНОЙ КИСЛОТЫ, КРАХМАЛА РАСТВОРОВ И ВОДЫ, СВИДЕТЕЛЬСТВУЕТ О",наличии примеси йодидов,[+] наличии примеси йодидов | присутствии примеси бромидов | запредельном содержании примеси железа | превышении предела примеси йодидов
c10b7fe8ffc7d98042c7ead474a6fdfd,,ЛЕКАРСТВЕННОЕ РАСТИТЕЛЬНОЕ СЫРЬЕ «RHIZOMATA CUM RADICIBUS» ЗАГОТАВЛИВАЮТ ОТ РАСТЕНИЙ,valeriana оfficinalis,[+] valeriana оfficinalis | polygonum bistorta | rubia tinctorum | taraxacum officinale
7ac107fbd9e71ef1166426c62f67bed2,,ПОДЛИННОСТЬ ГЛЮКОЗЫ МОЖНО ПОДТВЕРДИТЬ С ИСПОЛЬЗОВАНИЕМ РЕАКТИВОВ НЕССЛЕРА И,Фелинга,[+] Фелинга | Фреде | Вагнера –Бушарда | Драгендорфа
2762955fb162fb5015c1ced3f02923de,,"ПЛОТНЫЙ ОСАДОК БЕЛОГО ЦВЕТА ОБРАЗУЕТСЯ ПОСЛЕ ПРИБАВЛЕНИЯ КАЛИЯ ПИРОАНТИМОНАТА РАСТВОРА В ПРИСУТСТВИИ КАЛИЯ КАРБОНАТА И ОХЛАЖДЕНИЯ К РАСТВОРУ, СОДЕРЖАЩЕМУ",натрия хлорид,[+] натрия хлорид | свинца ацетат | калия бромид | железа сульфат
75d013f71c16fe091ed0b39575e8bbfe,,"КОЛИЧЕСТВЕННОЕ ОПРЕДЕЛЕНИЕ ЛЕКАРСТВЕННОГО ВЕЩЕСТВА
МЕТОДОМ НЕВОДНОГО ТИТРОВАНИЯ В СМЕСИ МУРАВЬИНОЙ КИСЛОТЫ И УКСУСНОГО АНГИДРИДА ВОЗМОЖНО ЗА СЧЕТ",основных свойств атома азота в пиридиновом цикле,[+] основных свойств атома азота в пиридиновом цикле | кислотных свойств связанной хлористоводородной кислоты | кислотных свойств фенольного гидроксила | образования комплексных солей
b5cbb277b5f4c654000ee1acd6ef7c20,,НАЛИЧИЕ СТЕРОИДНОГО ЦИКЛА В МОЛЕКУЛЕ ЛЕКАРСТВЕННОГО ПРЕПАРАТА МОЖНО ПОДТВЕРДИТЬ РЕАКЦИЕЙ С,серной кислотой концентрированной,[+] серной кислотой концентрированной | хлористоводородной кислотой | пикриновой кислотой | щелочным раствором натрия нитропруссида
00bc79d0c674629c990af26061c40aed,,АЛЬДЕГИДЫ НЕ МОГУТ ВСТУПАТЬ В РЕАКЦИИ,комплексообразования,[+] комплексообразования | присоединения | окислительно-восстановительные | полимеризации
7b0bfdff2da3d2abea5101aca5aa19be,,"ПОДЛИННОСТЬ ЛЕКАРСТВЕННОГО ВЕЩЕСТВА
МОЖНО ПОДТВЕРДИТЬ РЕАКЦИЕЙ ОБРАЗОВАНИЯ",оснований Шиффа,"[+] оснований Шиффа | 2,4-динитрофенилгидразона | йодоформа | «серебряного зеркала»"
819a72ce1ec29cdaea31950b65cd029b,,"ТИПОМ ЭЛЕКТРОМАГНИТНОГО СПЕКТРА, ХАРАКТЕРНЫМ ДЛЯ АТОМОВ, ЯВЛЯЕТСЯ",линейчатый,[+] линейчатый | полосатый | непрерывный | молекулярный
295d527a4845b2ee99540e70262f085e,,"МЕТОДОМ АНАЛИЗА, ОСНОВАННЫМ НА ИЗМЕРЕНИИ ЭЛЕКТРОМАГНИТНОГО ИЗЛУЧЕНИЯ ОПТИЧЕСКОГО ДИАПАЗОНА, ИСПУСКАЕМОГО ТЕРМИЧЕСКИ ВОЗБУЖДЁННЫМИ СВОБОДНЫМИ АТОМАМИ ИЛИ ОДНОАТОМНЫМИ ИОНАМИ, ЯВЛЯЕТСЯ",атомно-эмиссионная спектрометрия,[+] атомно-эмиссионная спектрометрия | рамановская спектрометрия | масс-спектрометрия | атомно-абсорбционная спектроскопия
d5ad5f719e47fd2e6f0385ee3e72e6b2,,КОЛИЧЕСТВЕННОЕ ОПРЕДЕЛЕНИЕ ЭЛЕМЕНТА МЕТОДОМ АТОМНО-АБСОРБЦИОННОЙ СПЕКТРОМЕТРИИ ОСНОВАНО НА,измерении уменьшения интенсивности резонансной линии вследствие поглощения ее атомами определяемого элемента,"[+] измерении уменьшения интенсивности резонансной линии вследствие поглощения ее атомами определяемого элемента | измерении количества поглощенного немонохроматического излучения в области 380-780 нм | определении отношения величины поглощения при двух максимумах | сравнении поглощения испытуемого вещества с поглощением стандартного образца, определенного в тех же условиях"
80452fd67ba340261e11185238676f9e,,АБСОЛЮТНОЕ ВРЕМЯ УДЕРЖИВАНИЯ ОПРЕДЕЛЯЕТСЯ КАК ВРЕМЯ,от момента ввода пробы до максимума пика вещества,[+] от момента ввода пробы до максимума пика вещества | от максимума пика воздуха до максимума пика вещества | от вершины хроматографического пика до нулевой линии | между появлением на хроматограмме двух соседних пиков
2f0d82a2469f5464e1178ff4b40fd7c7,,"ПРИ ПОТЕНЦИОМЕТРИЧЕСКОМ ТИТРОВАНИИ, ОСНОВАННОМ НА ОКИСЛИТЕЛЬНО-ВОССТАНОВИТЕЛЬНЫХ РЕАКЦИЯХ, ИНДИКАТОРНЫМ ЭЛЕКТРОДОМ ЯВЛЯЕТСЯ",платиновый,[+] платиновый | хлорсеребряный | каломельный | водородный
98807519575f4d790b0be8fb67340699,,К ПРЕИМУЩЕСТВАМ ТОНКОСЛОЙНОЙ ХРОМАТОГРАФИИ ПЕРЕД КОЛОНОЧНОЙ ОТНОСЯТ,дешевизну оборудования и простоту выполнения,[+] дешевизну оборудования и простоту выполнения | лучшее разделение компонентов | возможность количественного разделения компонентов | меньшую погрешность определений
5f2cf0e584ef71badf0feab9fde73705,,"ДЛЯ РАСЧЕТА СОДЕРЖАНИЯ АЦЕТИЛСАЛИЦИЛОВОЙ КИСЛОТЫ В ЛЕКАРСТВЕННОМ ПРЕПАРАТЕ АПТЕЧНОГО ИЗГОТОВЛЕНИЯ СОСТАВА: АЦЕТИЛСАЛИЦИЛОВОЙ КИСЛОТЫ – 0,5; АСКОРБИНОВОЙ КИСЛОТЫ – 0,3, ПРИ СООТВЕТСТВУЮЩЕМ КОЛИЧЕСТВЕННОМ ОПРЕДЕЛЕНИИ МОЖНО ВОСПОЛЬЗОВАТЬСЯ ФОРМУЛОЙ (a – МАССА НАВЕСКИ)",NOT_FOUND,
395978ba33c7ed7d56ab4869b9a80da7,,ОСНОВУ ХИМИЧЕСКОЙ СТРУКТУРЫ ФОЛИЕВОЙ КИСЛОТЫ СОСТАВЛЯЕТ ГЕТЕРОЦИКЛИЧЕСКАЯ СИСТЕМА,птеридин,[+] птеридин | пирролизидин | хинолизидин | хинолин
e6ccef2777220555bb3f28d521b1702f,,ПОД АНАЛИТИЧЕСКОЙ МЕТОДИКОЙ ПОНИМАЕТСЯ ______ ИСПЫТАНИЯ,описание проведения,[+] описание проведения | создание модели проведения | принцип проведения | способ контроля за проведением
e1e1e4272312bea8369670622d28634c,,НАТРИЯ ТИОСУЛЬФАТА РАСТВОР ДЛЯ ИНЪЕКЦИЙ СОДЕРЖИТ В КАЧЕСТВЕ СТАБИЛИЗАТОРА,натрия гидрокарбонат,[+] натрия гидрокарбонат | натрия гидроксид | хлористоводородную кислоту | натрия метабисульфит
fcff2bea5c96df5b8216fac63be0d75d,,"АНТИБИОТИКОМ – АМИНОГЛИКОЗИДОМ, СОДЕРЖАЩИМ В МОЛЕКУЛЕ АЛЬДЕГИДНУЮ ГРУППУ, ЯВЛЯЕТСЯ СУЛЬФАТ",стрептомицина,[+] стрептомицина | амикацина | канамицина | гентамицина
c3d170e743b69e8b800160ab6a47ff55,,"РЕАКТИВОМ, КОТОРЫМ МОЖНО УСТАНОВИТЬ ПОДЛИННОСТЬ ИНГРЕДИЕНТОВ ПРОПИСИ: АСКОРБИНОВАЯ КИСЛОТА – КАЛИЯ ЙОДИД В ОДНОЙ ПРОБЕ, ЯВЛЯЕТСЯ",серебра нитрата раствор,[+] серебра нитрата раствор | хлористоводородная кислота | железа (ІІІ) хлорида раствор | йода раствор
d4697d819c13ace4a06ebd800211b3db,,РАСТОРОПШИ ПЯТНИСТОЙ ПЛОДЫ СЛЕДУЕТ ХРАНИТЬ В,отдельной зоне для хранения плодов и семян,[+] отдельной зоне для хранения плодов и семян | в отдельном помещении или в отдельном шкафу под замком | промышленном холодильнике в контейнере для плодов и семян | зоне основного хранения сырья
bf4139b7203250e58b79582651718d86,,СЫРЬЕ «КОРНЕВИЩА И КОРНИ» ЗАГОТАВЛИВАЮТ У РАСТЕНИЯ,элеутерококк колючий,[+] элеутерококк колючий | шалфей лекарственный | ольха клейкая | зверобой продырявленный
25814ae1c6b26f53ad9099edd1b63e99,,"ТРЕХЛУЧЕВОЙ ШОВ НА ПОВЕРХНОСТИ, ОБРАЗОВАННЫЙ СРОСШИМИСЯ ЧЕШУЕВИДНЫМИ СПОРОФИЛЛАМИ, ХАРАКТЕРЕН ДЛЯ СЫРЬЯ",можжевельника обыкновенного плоды,[+] можжевельника обыкновенного плоды | лимонника китайского плоды | черники обыкновенной плоды | хмеля обыкновенного соплодия
4a03dfc8ee93fd5f1cc06ad2eedc79f1,,ВИТАМИНЫ ОТНОСЯТ К ОСНОВНОЙ ГРУППЕ БИОЛОГИЧЕСКИ АКТИВНЫХ СОЕДИНЕНИЙ СЫРЬЯ,черной смородины,[+] черной смородины | пиона уклоняющегося | василька синего | аниса обыкновенного
c9dffb4f121c935c7c1562e85f43f57f,,К ГОРЬКО-АРОМАТИЧЕСКОМУ ОТНОСЯТ СЫРЬЕ,тысячелистника,[+] тысячелистника | пастушьей сумки | горца птичьего | черники
e063861d6afe5614bd268b786ccf392e,,"НАЛИЧИЕ СПЛОШНОГО МЕХАНИЧЕСКОГО ПОЯСА, СОСТОЯЩЕГО ИЗ КАМЕНИСТЫХ КЛЕТОК И ЛУБЯНЫХ ВОЛОКОН, ХАРАКТЕРНО ДЛЯ СЫРЬЯ",дуба,[+] дуба | солодки голой | одуванчика лекарственного | алтея лекарственного
43506b277989936bce7640a9f13eae1c,,"МЕДИЦИНСКОЕ МАСЛО _____ ЯВЛЯЕТСЯ ФРАКЦИЕЙ, КОТОРУЮ ПОЛУЧАЮТ ТОЛЬКО ГОРЯЧИМ ПРЕССОВАНИЕМ ДЛЯ РАЗРУШЕНИЯ ЧРЕЗВЫЧАЙНО ЯДОВИТОГО КОМПОНЕНТА СЕМЯН РАСТЕНИЯ",клещевины обыкновенной,[+] клещевины обыкновенной | конопли посевной | подсолнечника однолетнего | тыквы обыкновенной
5fdc14cf950d0a2aad9fad4bf87f849d,,В КАЧЕСТВЕ ЛЕКАРСТВЕННОГО РАСТИТЕЛЬНОГО СЫРЬЯ У ФИАЛКИ ЗАГОТАВЛИВАЮТ,траву,[+] траву | семена | цветки | листья
9c8e90ecd137326931c7830ba0d3f43d,,ПЕРЕД СУШКОЙ МОЮТ,корни и корневища,[+] корни и корневища | кору | плоды | кожистые листья
648cb7414ee6697ff50224a120848786,,ПРИ КОЛИЧЕСТВЕННОМ ОПРЕДЕЛЕНИИ ЛЕКАРСТВЕННЫХ СРЕДСТВ МЕТОДОМ ОБРАТНОЙ ЦЕРИМЕТРИИ В КАЧЕСТВЕ ИНДИКАТОРА ИСПОЛЬЗУЮТ,крахмал,[+] крахмал | ферроин | тимоловый синий | метиловый оранжевый
d603b696f130650d33f29f71cc10a054,,"ПРИ ТИТРОВАНИИ ПО ПРИВЕДЕННОЙ СХЕМЕ
В КАЧЕСТВЕ ИНДИКАТОРА ИСПОЛЬЗУЮТ",метиловый оранжевый,[+] метиловый оранжевый | железа (III) аммония сульфат (квасцы железоаммонийные) | крахмал | кристаллический фиолетовый
c40f8977f0274bd261bb90042773274f,,РЕАКЦИЮ ОБРАЗОВАНИЯ ГИДРОКСАМАТА ЖЕЛЕЗА (III) ДАЕТ,тестостерона пропионат,[+] тестостерона пропионат | этинилэстрадиол | прогестерон | метилтестостерон
5008e3efd7b8435ffc65103d84098951,,ВОЗМОЖНОСТЬ ПРОВЕДЕНИЯ НЕВОДНОГО ТИТРОВАНИЯ В СРЕДЕ ЛЕДЯНОЙ УКСУСНОЙ КИСЛОТЫ ДЛЯ КОЛИЧЕСТВЕННОГО ОПРЕДЕЛЕНИЯ ФАРМАЦЕВТИЧЕСКОЙ СУБСТАНЦИИ ПИРИДОКСИНА ГИДРОХЛОРИДА ОБУСЛОВЛЕНА НАЛИЧИЕМ В ЕГО СТРУКТУРЕ,основного атома азота,[+] основного атома азота | фенольного гидроксила | оксиметильных групп | связанной хлористоводородной кислоты
e4fd5177fb9cea1507e8c4985cfa9cb9,,ПРИ ОРГАНОЛЕПТИЧЕСКОМ КОНТРОЛЕ НАТРИЯ ХЛОРИДА РАСТВОРА ИЗОТОНИЧЕСКОГО ПРОВЕРЯЮТ,"цвет, запах, наличие механических включений","[+] цвет, запах, наличие механических включений | общую массу раствора | общий объем раствора | качество укупорки и извлекаемый объем"
8eb74d80c21e7272d3a852c3306bb7c3,,ПОЛНОМУ ХИМИЧЕСКОМУ КОНТРОЛЮ ОБЯЗАТЕЛЬНО ПОДВЕРГАЮТСЯ ЛЕКАРСТВЕННЫЕ СРЕДСТВА АПТЕЧНОГО ИЗГОТОВЛЕНИЯ,для инфузий и инъекций,[+] для инфузий и инъекций | для пациентов преклонного возраста | глазные капли | для детей
ec81fb725a685ef0e908aaac7373274b,,"ПРИ ВЫЯВЛЕНИИ В МЕДИЦИНСКОЙ И АПТЕЧНОЙ ОРГАНИЗАЦИИ ЛЕКАРСТВЕННЫХ ПРЕПАРАТОВ С ИСТЕКШИМ СРОКОМ ГОДНОСТИ, ТАКИЕ ЛЕКАРСТВЕННЫЕ ПРЕПАРАТЫ","хранятся отдельно от других групп лекарственных средств в карантинной зоне и передаются организации, имеющей право на уничтожение","[+] хранятся отдельно от других групп лекарственных средств в карантинной зоне и передаются организации, имеющей право на уничтожение | возвращают поставщику лекарственных средств | используют после проверки на доброкачественность | уничтожаются в аптечной организации и составляется акт об уничтожении"
d984b33f188d96e89d1c0d3590900d0f,,ВСЕ ПОСТУПАЮЩИЕ В АПТЕЧНОЕ ПРЕДПРИЯТИЕ ЛЕКАРСТВЕННЫЕ СРЕДСТВА ПОДВЕРГАЮТСЯ ОБЯЗАТЕЛЬНОМУ КОНТРОЛЮ,приемочному,[+] приемочному | физическому | письменному | химическому
d48c308e912fcae1620280206027924a,,ЛИСТЬЯ ВАХТЫ ТРЁХЛИСТНОЙ ПРИМЕНЯЮТ В КАЧЕСТВЕ СРЕДСТВА,желчегонного,[+] желчегонного | бактерицидного | нефролитического | седативного
3723aeb064a93dc345dd13545eb46c80,,СОГЛАСНО ТРЕБОВАНИЯМ ФАРМАКОПЕЙНОЙ СТАТЬИ ТОЛОКНЯНКИ ЛИСТЬЯ СТАНДАРТИЗУЮТ ПО СОДЕРЖАНИЮ,арбутина,[+] арбутина | сапонинов | рутина | танина
2d549cfdfde6dede29590dd90aa70822,,"К ВЕЩЕСТВАМ, КОТОРЫЕ ИЗ-ЗА ИХ ВЫСОКОЙ ЛАБИЛЬНОСТИ ИЗОЛИРУЮТ ИЗ РАСТИТЕЛЬНОГО ОБЪЕКТА ТОЛЬКО НАСТАИВАНИЕМ С ЭТАНОЛОМ В ТЕЧЕНИЕ СУТОК, ОТНОСЯТ",сердечные гликозины,[+] сердечные гликозины | алкалоиды опия | эфирные масла | вератровые алкалоиды
0d9e500dbb9c3138a318991993969be1,,"ПРЕПАРАТОМ, ПОЛУЧАЕМЫМ ПРИ ПЕРЕРАБОТКЕ ТЕХНИЧЕСКОГО ЛИГНИНА, ЯВЛЯЕТСЯ",фильтрум-сти,[+] фильтрум-сти | кафиол | бефунгин | глаксенна
6039d457f300455cf2db98cc35fe4113,,ПРЕПАРАТ «ХОЛОСАС» ПОЛУЧАЮТ ИЗ СЫРЬЯ,шиповника собачьего,[+] шиповника собачьего | шиповника майского | облепихи крушиновидной | крапивы двудомной
f81adaf44d4f00c53069a9197896e953,,"ОПРЕДЕЛЕНИЕ РОДСТВЕННЫХ ПРИМЕСЕЙ В БРОМКАМФОРЕ, СОГЛАСНО ТРЕБОВАНИЯМ НОРМАТИВНОЙ ДОКУМЕНТАЦИИ, ПРОВОДЯТ МЕТОДОМ _____ ХРОМАТОГРАФИИ",газовой,[+] газовой | тонкослойной | высокоэффективной жидкостной | бумажной
134509aeb14b4d56c5704f008dbd2b19,,"ДЛЯ ОЦЕНКИ КАЧЕСТВА ВОДЫ ОЧИЩЕННОЙ, ВОДЫ ДЛЯ ИНЪЕКЦИЙ, ВОДЫ ДЛЯ ГЕМОДИАЛИЗА ПО ПОКАЗАТЕЛЮ «КИСЛОТНОСТЬ ИЛИ ЩЕЛОЧНОСТЬ» В СООТВЕТСТВИИ С ФАРМАКОПЕЙНОЙ СТАТЬЕЙ ИСПОЛЬЗУЮТ РАСТВОР ____, 0,01 М НАТРИЯ ГИДРОКСИДА РАСТВОР, 0,01 М ХЛОРИСТОВОДОРОДНОЙ КИСЛОТЫ РАСТВОР",фенолового красного,[+] фенолового красного | метилового оранжевого | универсального индикатора | фенолфталеина
a6cd948080907bb281f796b6c1817eca,,"СУБСТАНЦИЯ НАТРИЯ ЙОДИДА ФАРМАКОПЕЙНОГО КАЧЕСТВА ОЧЕНЬ ЛЕГКО РАСТВОРИМА В ВОДЕ, ____ В СПИРТЕ 96% И ГЛИЦЕРИНЕ",легко растворима,[+] легко растворима | практически нерастворима | умеренно растворима | мало растворима
939d278b4bd7bf2317d253cb56e968ca,,ПРИ ОПРЕДЕЛЕНИИ ОСНОВНОЙ ГРУППЫ БИОЛОГИЧЕСКИ АКТИВНЫХ ВЕЩЕСТВ В КОРНЕВИЩАХ И КОРНЯХ КРОВОХЛЕБКИ ЛЕКАРСТВЕННОЙ МЕТОДОМ ТОНКОСЛОЙНОЙ ХРОМАТОГРАФИИ В КАЧЕСТВЕ СТАНДАРТНОГО ОБРАЗЦА ИСПОЛЬЗУЮТ,галловую кислоту,[+] галловую кислоту | танин | катехин | эллаговую кислоту
5e13969e77656873497d4aebcf6d1ec3,,МЕТОДОМ НЕВОДНОГО ТИТРОВАНИЯ В ПРИСУТСТВИИ АЦЕТАТА РТУТИ КОЛИЧЕСТВЕННО ОПРЕДЕЛЯЮТ,клонидина гидрохлорид,[+] клонидина гидрохлорид | клотримазол | кетоконазол | флюконазол
de87c42b58cf1e282856c61d0d28bfb7,,СУММУ ПЕНИЦИЛЛИНОВ В ПРИРОДНЫХ АНТИБИОТИКАХ ПЕНИЦИЛЛИНОВОГО РЯДА МОЖНО ОПРЕДЕЛИТЬ,йодометрически,[+] йодометрически | алкалиметрически | ацидиметрически | гравиметрически
75b21fb4ae4e2a33d884bc9565bfcdd6,,СЛАБЫЙ АРОМАТНЫЙ ЗАПАХ ХАРАКТЕРЕН ДЛЯ ТРАВЫ,тысячелистника обыкновенного,[+] тысячелистника обыкновенного | фиалки | хвоща полевого | сушеницы топяной
52fa4fc3fdcb864e9f8da72a45235ccd,,ВКУС ВОДНОГО ИЗВЛЕЧЕНИЯ НЕ ОПРЕДЕЛЯЕТСЯ У ТРАВЫ,термопсиса ланцетного,[+] термопсиса ланцетного | хвоща полевого | пустырника | тысячелистника обыкновенного
c99182897d984e0b05160dfbc2320c44,,ЗАПАХ ОТСУТСТВУЕТ У ЛИСТЬЕВ,толокнянки обыкновенной,[+] толокнянки обыкновенной | мяты перечной | шалфея лекарственного | эвкалипта прутовидного
f57da96bd8f7b14adb0c0b87bf9f892e,,"СЕННЫ ЛИСТЬЯ И ПЛОДЫ, КРОМЕ АНТРАЦЕНПРОИЗВОДНЫХ СОДЕРЖАТ",смолы,[+] смолы | лигнаны | кумарины | сапонины
9bbf3294a976d170abd52adb79095687,,СОГЛАСНО ГОСУДАРСТВЕННОЙ ФАРМАКОПЕЕ 14 ИЗДАНИЯ В СЫРЬЕ «ВАЛЕРИАНЫ ЛЕКАРСТВЕННОЙ КОРНЕВИЩА С КОРНЯМИ» ОПРЕДЕЛЯЮТ СОДЕРЖАНИЕ,экстрактивных веществ,[+] экстрактивных веществ | эфирного масла | суммы флавоноидов в пересчете на рутин | суммы флавоноидов в пересчете на гиперозид
161185a5fe61cdd9343b633304b2e6a3,,СОГЛАСНО ГОСУДАРСТВЕННОЙ ФАРМАКОПЕЕ 14 ИЗДАНИЯ В СЫРЬЕ «ЧАБРЕЦА ТРАВА» ОГРАНИЧИВАЕТСЯ СОДЕРЖАНИЕ,"стеблей толщиной более 0,5 мм","[+] стеблей толщиной более 0,5 мм | кусочков стеблей длиннее 5 мм | листьев и цветков, отделенных от стеблей | одревесневших кусочков стеблей"
b0fc9cd933883b79c2188ca5b2726739,,"РАСТЕНИЕМ, СОДЕРЖАЩИМ ФЛАВОНОИДЫ, ФЕРУЛОИЛАМИДЫ, ИНДОЛЬНЫЕ АЛКАЛОИДЫ И ПРИМЕНЯЕМЫМ В КАЧЕСТВЕ ДИУРЕТИЧЕСКОГО, ГИПОАЗОТЕМИЧЕСКОГО И СОЛЕВЫВОДЯЩЕГО СРЕДСТВА ЯВЛЯЕТСЯ",Aerva lanata,[+] Aerva lanata | Aesculus hippocastanum | Aronia melanocarpa | Datura stramonium
9a677467e4bd389212e870d61f868ab8,,НАЛИЧИЕ КОРНЕЙ СОГЛАСНО ФАРМАКОПЕЙНОЙ СТАТЬЕ ГОСУДАРСТВЕННОЙ ФАРМАКОПЕИ XIV ДОПУСКАЕТСЯ ДЛЯ КАЧЕСТВЕННОГО СЫРЬЯ,сушеницы топяной,[+] сушеницы топяной | горца птичьего | термопсиса ланцетного | шалфея лекарственного
73d8b8a6108c6ed5d3047fc0b63967f1,,ДЛЯ БУЗИНЫ ЧЁРНОЙ ЦВЕТКОВ РЕГЛАМЕНТИРУЮТ СОДЕРЖАНИЕ,флавоноидов,[+] флавоноидов | кумаринов | антраценпроизводных | дубильных веществ
e51e893df87e91debe9a961c20f75728,,"ДЛЯ ИЗГОТОВЛЕНИЯ ПРЕПАРАТА «АЛЛОХОЛ» ИСПОЛЬЗУЮТ СЫРЬЕ, ЗАГОТАВЛИВАЕМОЕ ОТ РАСТЕНИЯ",Urtica dioica,[+] Urtica dioica | Crataegus sanguinea | Althaea armeniaca | Tussilago farfara
2e46a08dc9d8033f3a35fc044dbcb305,,ИСТОЧНИКОМ БИОГЕННЫХ СТИМУЛЯТОРОВ ЯВЛЯЕТСЯ ЛЕКАРСТВЕННОЕ РАСТЕНИЕ,Aloë arborescens,[+] Aloë arborescens | Quercus robur | Crataegus sanguinea | Ledum palustre
0af4af49bcd475a8617eab31d1616392,,ОТДЕЛЬНО ОТ ДРУГИХ ВИДОВ ЛЕКАРСТВЕННОГО РАСТИТЕЛЬНОГО СЫРЬЯ ХРАНЯТ,цветки ромашки,[+] цветки ромашки | цветки василька | цветки календулы | бутоны софоры японской
8c2f60cf940ed2d9fe16bdf582c563de,,"К УНИВЕРСАЛЬНОМУ ДЕТЕКТОРУ, ИСПОЛЬЗУЕМОМУ В ЖИДКОСТНОЙ ХРОМАТОГРАФИИ, ОТНОСЯТ",спектрофотометрический,[+] спектрофотометрический | кондуктометрический | рефрактометрический | ультрафиолетовый
969263c3308381f442c4bba3380cf0c8,,В ОСНОВЕ МЕТОДА ПОЛЯРИМЕТРИИ ЛЕЖИТ,отклонение плоскости поляризации света оптически активными веществами,[+] отклонение плоскости поляризации света оптически активными веществами | преломление луча света раствором анализируемого вещества или анализируемой жидкостью | изменение величины индикаторного электрода электронной пары в зависимости от концентрации ионов | поглощение света раствором анализируемого вещества
6c86df5acb9f8cd24f56a7c7329dcf06,,"ХРОМАТОГРАФИЧЕСКИЙ ДЕТЕКТОР, ПРИНЦИП ДЕЙСТВИЯ КОТОРОГО БАЗИРУЕТСЯ НА ЯВЛЕНИИ ТЕПЛОПРОВОДНОСТИ, НАЗЫВАЮТ",катарометром,[+] катарометром | пламенно-ионизационным | детектором электронного захвата | термоионным
7b7eb4aea7f33db0c359061d8a104d3b,,МОРФОЛОГИЧЕСКУЮ ГРУППУ ЛЕКАРСТВЕННОГО РАСТИТЕЛЬНОГО СЫРЬЯ – КОРНЕВИЩА С КОРНЯМИ ЗАГОТАВЛИВАЮТ ОТ,синюхи голубой,[+] синюхи голубой | солодки | женьшеня | ортосифона тычиночного
007292511eb450e6a82478ed302b0665,,СЫРЬЕ JUNIPERUS COMMUNIS В СООТВЕТСТВИИ С ТРЕБОВАНИЯМИ ОБЩЕЙ ФАРМАКОПЕЙНОЙ СТАТЬИ ГОСУДАРСТВЕННОЙ ФАРМАКОПЕИ РФ ХРАНЯТ,"изолированно, как эфирномасличное","[+] изолированно, как эфирномасличное | изолированно, как ядовитое | изолированно, как сильнодействующее | в зонах для основного хранения"
1e293ac9c07c602ec7f58911aa9663a6,,"СЫРЬЕ РОМАШКИ АПТЕЧНОЙ ХРАНЯТ ОТДЕЛЬНО ОТ ДРУГИХ ВИДОВ ЛЕКАРСТВЕННОГО РАСТИТЕЛЬНОГО СЫРЬЯ, ТАК КАК ДАННЫЙ ВИД СЫРЬЯ",является сильно пахнущим,[+] является сильно пахнущим | относится к морфологической группе сырья «цветки» | является сильнодействующим | является ядовитым
614a794f3657e37d00bf630e224b98ed,,ПРИ НАРУШЕНИИ УСЛОВИЙ ХРАНЕНИЯ КИСЛОТА БЕНЗОЙНАЯ ПОДВЕРГАЕТСЯ,возгонке,[+] возгонке | выветриванию вследствие потери кристаллизационной влаги | расплавлению вследствие поглощения атмосферной влаги | разложению с выделением углекислого газа
0d8ae485fbee4eb5b87c89c094dfaafe,,ПРИ НАРУШЕНИИ УСЛОВИЙ ХРАНЕНИЯ ТЕРПИНГИДРАТ,выветривается за счёт потери кристаллизационной воды,"[+] выветривается за счёт потери кристаллизационной воды | возгоняется с образованием белых паров | расплавляется за счёт поглощения влаги | дегидратируется с образованием продуктов, имеющих специфический запах"
a3cdf3b05603966cd4540f45fd4602f3,,КОНТРОЛЬНЫЕ ОБРАЗЦЫ НЕРАЗМОЛОТОГО РАСТИТЕЛЬНОГО МАТЕРИАЛА СОХРАНЯЮТ ПРИ ИЗГОТОВЛЕНИИ,порошков,[+] порошков | жидких лекарственных форм | растительных сборов | любых лекарственных средств
6aecca76f95e9fe5545422bca8363069,,К КЛЮЧЕВОМУ АНАТОМО-ДИАГНОСТИЧЕСКОМУ ПРИЗНАКУ ДУБА КОРЫ ОТНОСЯТ НАЛИЧИЕ,механической ткани (механический пояс),[+] механической ткани (механический пояс) | кристаллов оксалата кальция | сердцевинных лучей | секреторных каналов
c68d3a8e3058dc2a4c6339717cde65bf,,РЕАКЦИЯ ЛЕГАЛЯ (ВЗАИМОДЕЙСТВИЕ С НИТРОПРУССИДА НАТРИЯ ЩЕЛОЧНЫМ РАСТВОРОМ) ПОДТВЕРЖДАЕТ НАЛИЧИЕ В МОЛЕКУЛЕ СЕРДЕЧНОГО ГЛИКОЗИДА,пятичленного ненасыщенного лактонного кольца,[+] пятичленного ненасыщенного лактонного кольца | стероидной структуры | метильных радикалов | сахарного остатка
b57667129fcf47d2ed4792ae8d7f45a3,,ЛЕКАРСТВЕННОЕ РАСТИТЕЛЬНОЕ СЫРЬЕ «FLORES» ЗАГОТАВЛИВАЮТ ОТ,Helichrisum arenarium,[+] Helichrisum arenarium | Datura stramonium | Polemonium caerulium | Orthosiphon stamineus
b3914ab4f918eb70ac0d00788f3734f6,,"СЫРЬЕ, СОДЕРЖАЩЕЕ ГЛИКОЗИДЫ, СЛЕДУЕТ СУШИТЬ ПРИ ТЕМПЕРАТУРЕ (В ℃)",50-60,[+] 50-60 | 30-35(40) | 80-90 | 100
d85a7ec69a570d7e4de2e5c4f7656a29,,ЧИСТОТЕЛА ТРАВУ СТАНДАРТИЗУЮТ ПО СОДЕРЖАНИЮ,хелидонина,[+] хелидонина | берберина | глауцина | сангвинарина
eef58a389aa480b5e9b7ba962cc26774,,БЕНЗОКАИН СОДЕРЖИТ,первичную аминогруппу,[+] первичную аминогруппу | лактамную группу | вторичную аминогруппу | амидную группу
584562f3360f66da338066559dabff2e,,ПРОВИЗОР-АНАЛИТИК ПОДТВЕРЖДАЕТ НАЛИЧИЕ КАТИОНА КАЛЬЦИЯ РЕАКЦИЕЙ С КАЛИЯ ФЕРРОЦИАНИДА РАСТВОРОМ В ПРИСУТСТВИИ АММОНИЯ ХЛОРИДА ПО ОБРАЗОВАНИЮ ______ ОСАДКА,белого,[+] белого | синего | желтого | зеленого
be29ecbd1b7a802e314a70a298624aea,,В ОСНОВЕ ЙОДОМЕТРИЧЕСКОГО КОЛИЧЕСТВЕННОГО ОПРЕДЕЛЕНИЯ ФЕНАЗОНА ЛЕЖИТ РЕАКЦИЯ,замещения,[+] замещения | комплексообразования | ионного обмена | окисления-восстановления
b97f9f4d6d746434790f3629b313114e,,"ДЛЯ ПОДТВЕРЖДЕНИЯ ПОДЛИННОСТИ ЛЕКАРСТВЕННЫХ ВЕЩЕСТВ, СОДЕРЖАЩИХ В ХИМИЧЕСКОЙ СТРУКТУРЕ ТРЕТИЧНУЮ АМИНОГРУППУ (ТРЕТИЧНЫЙ АТОМ АЗОТА), ИСПОЛЬЗУЮТ РЕАКЦИЮ",с реактивом Бушарда,[+] с реактивом Бушарда | с реактивом Фелинга | образования азокрасителя | образования «серебряного зеркала»
c273c4984f0cfc34eea26083e900b083,,"СУБСТАНЦИЯ, ПЛАВЯЩАЯСЯ ПРИ НАГРЕВАНИИ В КРИСТАЛЛИЗАЦИОННОЙ ВОДЕ, КОРОТКО ЧАСТИЧНО ГОРЯЩАЯ И ОСТАВЛЯЮЩАЯ ПРИ ПРОКАЛИВАНИИ НЕИЗМЕНЯЮЩИЙСЯ ОСТАТОК БЕЛОГО ЦВЕТА, ЭТО",натрия тиосульфат,[+] натрия тиосульфат | сера | висмута нитрат основной | магния сульфат
e7eab013eb7c1e1d15b95f4b4bb2779d,,У ХВОЩА ПОЛЕВОГО ТРАВЫ ОСНОВНОЙ ГРУППОЙ БИОЛОГИЧЕСКИ АКТИВНЫХ ВЕЩЕСТВ ЯВЛЯЮТСЯ,флавоноиды,[+] флавоноиды | дубильные вещества | сапонины | кумарины
5b10c6f6f59f0192b79af6aa578be7fb,,НА РИСУНКЕ ИЗОБРАЖЕНА ФОРМУЛА,ментола,[+] ментола | тимола | анетола | карвакрола
134e500a4f5f18862dbb0b16cf3ee169,,СОГЛАСНО ТРЕБОВАНИЯМ ФАРМАКОПЕЙНОЙ СТАТЬИ ИНЖИРА ЛИСТЬЯ СТАНДАРТИЗУЮТ ПО СОДЕРЖАНИЮ,фурокумаринов,[+] фурокумаринов | розавина | арбутина | рутина
2e90b036db50bd08ac12999a321e8b15,,"ПРЕПАРАТОМ, СОДЕРЖАЩИМ ПРОДУКТЫ ЖЕНЬШЕНЯ, ЯВЛЯЕТСЯ",гинсана,[+] гинсана | венитан | арфазетин | сапарал
81e19ddb73761194c747b04fe02bb963,,СОГЛАСНО ГОСУДАРСТВЕННОЙ ФАРМАКОПЕЕ 14 ИЗДАНИЯ В СЫРЬЕ «ТЫСЯЧЕЛИСТНИКА ОБЫКНОВЕННОГО ТРАВА» ОПРЕДЕЛЯЮТ СОДЕРЖАНИЕ ЭФИРНОГО МАСЛА И,суммы флавоноидов в пересчете на лютеолин,[+] суммы флавоноидов в пересчете на лютеолин | экстрактивных веществ | таннидов | суммы полисахаридов
7d973b41800837b4cffd7f81fdd6d250,,"ЕСЛИ ПРИ РАССМОТРЕНИИ ПРЕПАРАТА ЛИСТА С ПОВЕРХНОСТИ ПРЕДСТАВЛЕНЫ ГОЛОВЧАТЫЕ ВОЛОСКИ ДВУХ ТИПОВ: С ДЛИННОЙ МНОГОКЛЕТОЧНОЙ НОЖКОЙ И ОДНОКЛЕТОЧНОЙ ГОЛОВКОЙ И С ОДНОКЛЕТОЧНОЙ НОЖКОЙ И МНОГОКЛЕТОЧНОЙ ГОЛОВКОЙ (4-6 КЛЕТОК), ТО ДАННЫЕ АНАТОМИЧЕСКИЕ ДИАГНОСТИЧЕСКИЕ ПРИЗНАКИ ХАРАКТЕРНЫ ДЛЯ _____ ЛИСТЬЕВ",красавки,[+] красавки | дурмана обыкновенного | ландыша | белены черной
9a62522e84494dc6bbc1ed20166695c9,,ТОЛЬКО КАЧЕСТВЕННОМУ ХИМИЧЕСКОМУ КОНТРОЛЮ ПОДВЕРГАЮТ ОБЯЗАТЕЛЬНО,"лекарственные средства, расфасованные в аптеке (каждая серия)","[+] лекарственные средства, расфасованные в аптеке (каждая серия) | лекарственные формы для новорожденных | концентраты | глазные капли, содержащие ядовитые и наркотические вещества"
931cada0a03dd6dfb979e1aef1dfc954,,САНИТАРНО-ЭПИДЕМИОЛОГИЧЕСКИЕ ТРЕБОВАНИЯ ПРИ ПРЕДОСТАВЛЕНИИ УСЛУГ АПТЕЧНЫМИ ОРГАНИЗАЦИЯМИ РЕГЛАМЕНТИРУЮТСЯ,постановлением Главного государственного санитарного врача РФ № 44 от 24.12.2020,[+] постановлением Главного государственного санитарного врача РФ № 44 от 24.12.2020 | приказом МЗ РФ № 309 от 21.10.1997 | постановлением Главного государственного санитарного врача РФ № 28 от 28.09.2020 | приказом МЗ РФ № 751н от 26.10.2015
36ec4b8d80186a221d1ef253b005078b,,ПОЛУЧЕНИЕ ВОДЫ ОЧИЩЕННОЙ В АПТЕКЕ ПРОИЗВОДЯТ СПОСОБОМ,дистилляции,[+] дистилляции | отстаивания | кипячения | фильтрации
9b5a626e414bc16399ebdf4b80c418e7,,КОНЦЕНТРАЦИЯ ВЕЩЕСТВА В РАСТВОРЕ ПРИ ПОСТОЯННОЙ ДЛИНЕ ВОЛНЫ СВЕТА И ПОСТОЯННОЙ ТОЛЩИНЕ СЛОЯ РАСТВОРА ПРЯМО ПРОПОРЦИОНАЛЬНА,оптической плотности,[+] оптической плотности | интенсивности светопоглощения | величине пропускания раствора | молярному коэффициенту поглощения
3fb5273392d18d99c5ee393b50a3f61b,,"ПОДВИЖНУЮ ФАЗУ, ВВОДИМУЮ В СЛОЙ НЕПОДВИЖНОЙ ФАЗЫ ПРИ ПРОВЕДЕНИИ КОЛОНОЧНОЙ ХРОМАТОГРАФИИ, НАЗЫВАЮТ",элюентом,[+] элюентом | элюатом | растворителем | сорбатом
3ac3bc18511e11c806fe4e9774275473,,"КОНТРОЛЬ ПРОДУКЦИИ ПОСТАВЩИКА, ПОСТУПАЮЩЕЙ К ПОТРЕБИТЕЛЮ ИЛИ ЗАКАЗЧИКУ И ПРЕДНАЗНАЧЕННОЙ ДЛЯ ИСПОЛЬЗОВАНИЯ, ОТНОСЯТ К _____ ВИДУ КОНТРОЛЯ",входному,[+] входному | приемочному | операционному | периодическому
2fc6c8f2a8f24a3ed1a9393ec9dae35f,,"РАСТЕНИЕМ, СОДЕРЖАЩИМ ФЛАВОНОИДНЫЕ ГЛИКОЗИДЫ, ОСНОВНЫМ ИЗ КОТОРЫХ ЯВЛЯЕТСЯ ГИПЕРОЗИД, И ПРИМЕНЯЕМЫМ КАК КАРДИОТОНИЧЕСКОЕ СРЕДСТВО ПРИ НАЧАЛЬНЫХ ФОРМАХ ГИПЕРТОНИИ, АРИТМИИ И АНГИОНЕВРОЗАХ ЯВЛЯЕТСЯ",боярышник кроваво-красный,[+] боярышник кроваво-красный | калина обыкновенная | шиповник майский | липа сердцелистная
f18581d25196007317a6d9ef951ee1ba,,СОГЛАСНО ПРАВИЛАМ НАДЛЕЖАЩЕЙ ЛАБОРАТОРНОЙ ПРАКТИКИ ПРОВЕДЕНИЕ ПРИЕМОЧНЫХ ИСПЫТАНИЙ ПЕРЕД ИСПОЛЬЗОВАНИЕМ ПРОГРАММНОГО ОБЕСПЕЧЕНИЯ ЯВЛЯЕТСЯ ОТВЕТСТВЕННОСТЬЮ,пользователя,[+] пользователя | производителя | поставщика | Федеральной службы по аккредитации
a5b0d5a58978d2eabdfcd87f0c5bc74f,,"ПОД СОВОКУПНОСТЬЮ ВЗАИМОСВЯЗАННЫХ И ВЗАИМОДЕЙСТВУЮЩИХ ВИДОВ ДЕЯТЕЛЬНОСТИ, ПРЕОБРАЗУЮЩИХ ВХОД В ВЫХОД, ПОНИМАЮТ",процесс,[+] процесс | систему | функцию | планирование качества
f5db63c94e63f3ea5c9e47a0af24b17b,,"ОСНОВАНИЕМ ДЛЯ ОТКАЗА В ГОСУДАРСТВЕННОЙ РЕГИСТРАЦИИ ЛЕКАРСТВЕННОГО ПРЕПАРАТА ЯВЛЯЕТСЯ РЕШЕНИЕ МИНЗДРАВА РФ О ТОМ, ЧТО КАЧЕСТВО И/ИЛИ ЭФФЕКТИВНОСТЬ РЕГИСТРИРУЕМОГО ЛЕКАРСТВЕННОГО ПРЕПАРАТА НЕ ПОДТВЕРЖДЕНЫ ПОЛУЧЕННЫМИ ДАННЫМИ",клинических испытаний,[+] клинических испытаний | лабораторных испытаний на животных | оптовой и розничной реализации | технического регламента
407950440cea04b4e4e9cdddac84d18e,,СЫРЬЁ ЭВКАЛИПТА ЗАГОТАВЛИВАЮТ,с ноября по март,[+] с ноября по март | с апреля по июнь | с июля по август | в течение всего года
2cc8332e4abe472a996225d7cb8e6241,,"ОФИЦИАЛЬНЫМ ИСТОЧНИКОМ ИНФОРМАЦИИ О ЛЕКАРСТВЕННЫХ ПРЕПАРАТАХ, ПРОШЕДШИХ ГОСУДАРСТВЕННУЮ РЕГИСТРАЦИЮ, ЯВЛЯЕТСЯ",Государственный реестр лекарственных средств,[+] Государственный реестр лекарственных средств | Государственная фармакопея | справочник Видаль | энциклопедия лекарственных средств
d9fd236c407420a107ff7ad275572210,,У ПИОНА УКЛОНЯЮЩЕГОСЯ В КАЧЕСТВЕ ЛЕКАРСТВЕННОГО РАСТИТЕЛЬНОГО СЫРЬЯ ЗАГОТАВЛИВАЮТ,корневища и корни,[+] корневища и корни | листья | плоды | цветки
c386560b7fd87758f85547fffee6e6c2,,МЕТИЛОВЫЙ ОРАНЖЕВЫЙ ОТНОСЯТ К ГРУППЕ ИНДИКАТОРОВ,кислотно-основных,[+] кислотно-основных | адсорбционных | окислительно-восстановительных | комплексонометрических
9d9fdb98a1e9c10cbf571c9e3c2280c1,,"МЕТОДАМИ КОМПЛЕКСОНОМЕТРИИ И АРГЕНТОМЕТРИИ МОЖНО ПРОВЕСТИ КОЛИЧЕСТВЕННОЕ ОПРЕДЕЛЕНИЕ ТАКОГО ЛЕКАРСТВЕННОГО ВЕЩЕСТВА, КАК",кальция хлорид,[+] кальция хлорид | прокаина гидрохлорид | натрия бромид | магния оксид
7a2313ba33a1548abe0415a510217b7a,,ПРИ КОЛИЧЕСТВЕННОМ ОПРЕДЕЛЕНИИ ЛЕКАРСТВЕННЫХ ВЕЩЕСТВ В РАСТВОРАХ МЕТОДОМ РЕФРАКТОМЕТРИИ РАСЧЕТ КОНЦЕНТРАЦИИ ПРОВОДЯТ ПО,показателю преломления испытуемого раствора,[+] показателю преломления испытуемого раствора | углу вращения испытуемого раствора | площадям основных пиков у испытуемого и стандартного растворов | оптической плотности испытуемого раствора
80b22272298565bef4e50bd953a3174a,,ОТВАР ЗМЕЕВИКА КОРНЕВИЩ СОДЕРЖИТ,дубильные вещества,[+] дубильные вещества | эфирные масла | полисахариды | флавоноиды
aafb5c9959efdbca84e24a4678c2a553,,"ДЛЯ РАСЧЕТА СОДЕРЖАНИЯ НАТРИЯ ХЛОРИДА В ЛЕКАРСТВЕННОМ ПРЕПАРАТЕ АПТЕЧНОГО ИЗГОТОВЛЕНИЯ СОСТАВА: ЭФЕДРИНА ГИДРОХЛОРИДА – 0,2; НАТРИЯ ХЛОРИДА – 0,033; ВОДЫ – ДО 10 МЛ, ПРИ СООТВЕТСТВУЮЩЕМ КОЛИЧЕСТВЕННОМ ОПРЕДЕЛЕНИИ МОЖНО ВОСПОЛЬЗОВАТЬСЯ ФОРМУЛОЙ (a – ОБЪЁМ НАВЕСКИ)",NOT_FOUND,
00f5ecc53fc1caabe449f9f61e683be0,,ЭКДИСТЕН ПОЛУЧАЮТ ИЗ ЛЕКАРСТВЕННОГО РАСТИТЕЛЬНОГО СЫРЬЯ,рапонтикума сафлоровидного,[+] рапонтикума сафлоровидного | диоскореи ниппонской | синюхи голубой | женьшеня
ca24d1248f6105b07870b250837d5a56,,"ПУЧКОВЫЕ ВОЛОСКИ, РАСПОЛОЖЕННЫЕ ПО КРАЮ ЛИСТОВОЙ ПЛАСТИНКИ, ИМЕЮТ ДИАГНОСТИЧЕСКОЕ ЗНАЧЕНИЕ ПРИ МИКРОСКОПИИ ЛИСТЬЕВ",горца перечного,[+] горца перечного | череды трёхраздельной | мяты перечной | подорожника большого
c467d40af8d4e0952d9d8cceb311b1ed,,"ПРИ ПРОВЕДЕНИИ МИКРОСКОПИЧЕСКОГО АНАЛИЗА ПЛОДОВ РАСТЕНИЙ СЕМЕЙСТВА ЗОНТИЧНЫЕ, КАК ПРАВИЛО, ГОТОВЯТ",поперечный срез,[+] поперечный срез | препарат с поверхности | «давленый» препарат | продольный срез
5ba80316a004d8f981cdd27aa1afe64d,,"СОЕДИНЕНИЕ
ЯВЛЯЕТСЯ КОМПОНЕНТОМ СЫРЬЯ",сушеницы топяной,[+] сушеницы топяной | пустырника пятилопастного | хвоща полевого | горца перечного
14ba19c7c472729fc34a69c15d0abc75,,ВКУС ВОДНОГО ИЗВЛЕЧЕНИЯ АНИСА ОБЫКНОВЕННОГО ПЛОДОВ,сладковато-пряный,"[+] сладковато-пряный | горький | вяжущий | жгучий, холодящий"
f96d39fd95ff16104a962b970aba5aa5,,ПРОВИЗОР-АНАЛИТИК КОНТРОЛЬНО-АНАЛИТИЧЕСКОЙ ЛАБОРАТОРИИ ПРИ ПРОВЕДЕНИИ КОЛИЧЕСТВЕННОГО ОПРЕДЕЛЕНИЯ СУБСТАНЦИИ СЕРЕБРА НИТРАТА МЕТОДОМ ТИОЦИАНАТОМЕТРИИ В КАЧЕСТВЕ ИНДИКАТОРА ДОЛЖЕН ИСПОЛЬЗОВАТЬ,железа (III) аммония сульфат,[+] железа (III) аммония сульфат | фенолфталеин | натрия эозинат | калия хромат
076af13fd1e7890faa3ea2c21925ef74,,"СЛЕГКА ВЯЖУЩИЙ, СМОЛИСТЫЙ ВКУС ВОДНОГО ИЗВЛЕЧЕНИЯ ХАРАКТЕРЕН ДЛЯ",берёзы почек,[+] берёзы почек | календулы лекарственной цветков | жостера слабительного плодов | кукурузы столбиков с рыльцами
edaf9d37260c083ad2841a8f7089ee25,,"ФАРМАЦЕВТИЧЕСКИЕ СУБСТАНЦИИ, ЯВЛЯЮЩИЕСЯ СЛАБЫМИ ОРГАНИЧЕСКИМИ ОСНОВАНИЯМИ, КОЛИЧЕСТВЕННО ОПРЕДЕЛЯЮТСЯ МЕТОДОМ",неводного титрования в среде протогенных растворителей,[+] неводного титрования в среде протогенных растворителей | неводного титрования в среде протофильных растворителей | нитритометрии | цериметрии
0c39dd586f1ff046459faf7e84886201,,"ЛЕКАРСТВЕННЫМ ВЕЩЕСТВОМ, КОТОРОЕ РАСТВОРЯЕТСЯ И В КИСЛОТАХ, И В ЩЕЛОЧАХ, ЯВЛЯЕТСЯ",цинка оксид,[+] цинка оксид | висмута нитрат основной | лития карбонат | бария сульфат
7b5c5a438d857f12f82456561a6d54b5,,"КОЛИЧЕСТВЕННОЕ ОПРЕДЕЛЕНИЕ ЛЕКАРСТВЕННОГО ВЕЩЕСТВА
МЕТОДОМ АЛКАЛИМЕТРИИ В СРЕДЕ АЦЕТОНА ВОЗМОЖНО ЗА СЧЕТ",кислотных свойств карбоксильной группы,[+] кислотных свойств карбоксильной группы | образования комплексных солей | гидролиза метокси-группы | основных свойств атома азота
b7dd17ce010ff9c2cf2da0f54660eaac,,ВОЗМОЖНОСТЬ ПРОВЕДЕНИЯ АЛКАЛИМЕТРИИ В ВОДНО-СПИРТОВОЙ СРЕДЕ ДЛЯ КОЛИЧЕСТВЕННОГО ОПРЕДЕЛЕНИЯ ФАРМАЦЕВТИЧЕСКОЙ СУБСТАНЦИИ ПИРИДОКСИНА ГИДРОХЛОРИДА ОБУСЛОВЛЕНА НАЛИЧИЕМ В ЕГО СТРУКТУРЕ,связанной хлористоводородной кислоты,[+] связанной хлористоводородной кислоты | пиридинового гетероцикла | фенольного гидроксила | оксиметильных групп
72fd03b2152ff4fe95ee152872155526,,ИНДИКАТОРЫ В КОМПЛЕКСОНОМЕТРИИ СПОСОБНЫ,изменять окраску при образовании комплексных соединений с катионами металлов,[+] изменять окраску при образовании комплексных соединений с катионами металлов | изменять диэлектрическую проницаемость среды при образовании комплексных соединений с катионами металлов | изменять окраску при образовании осадков с катионами металлов | выпадать в осадок при образовании комплексных соединений с катионами металлов
6f9741145646c5ea9a39a06d4679bbfa,,СЫРЬЕ «FOLIA» ЗАГОТАВЛИВАЮТ ОТ ЛЕКАРСТВЕННОГО РАСТЕНИЯ,гинкго двулопастный,[+] гинкго двулопастный | смородина черная | маклея сердцевидная | лимонник китайский
ed475f3837f1a3366dcad35ddd2ba76f,,"ОБЩИМ РЕАКТИВОМ ПРИ ИСПЫТАНИИ ПОДЛИННОСТИ СУБСТАНЦИЙ КАЛЬЦИЯ ХЛОРИДА, НАТРИЯ ЙОДИДА, КАЛИЯ БРОМИДА, НАТРИЯ ТИОСУЛЬФАТА, КАЛИЯ ХЛОРИДА ЯВЛЯЕТСЯ",серебра нитрат,[+] серебра нитрат | аммония оксалат | хлорамин | бария хлорид
d27e131a64f05562ab90ad32efa13150,,"КОЛИЧЕСТВО КАЛИЯ ГИДРОКСИДА, ВЫРАЖЕННОЕ В МИЛЛИГРАММАХ, НЕОБХОДИМОЕ ДЛЯ НЕЙТРАЛИЗАЦИИ СВОБОДНЫХ КИСЛОТ, СОДЕРЖАЩИХСЯ В 1 Г ИСПЫТУЕМОГО ВЕЩЕСТВА, ОПРЕДЕЛЯЕТ ЧИСЛО",кислотное,[+] кислотное | омыления | йодное | эфирное
d072a6b05ab99260395fbbafe49262f3,,ПРИ ОПРЕДЕЛЕНИИ ДОБРОКАЧЕСТВЕННОСТИ ДЕКСТРОЗЫ РАСТВОРА ПОЛЯРИМЕТРИЧЕСКИМ МЕТОДОМ РАССЧИТЫВАЮТ,удельное вращение,[+] удельное вращение | коэффициент пропускания | показатель преломления | удельный коэффициент поглощения
0055ebc66b68e6124a3594c233bc7f7d,,"КОЛИЧЕСТВЕННОЕ ОПРЕДЕЛЕНИЕ ЛЕКАРСТВЕННОГО ВЕЩЕСТВА
МЕТОДОМ НЕВОДНОГО ТИТРОВАНИЯ В СРЕДЕ ДИМЕТИЛФОРМАМИДА ВОЗМОЖНО ЗА СЧЕТ ЕГО ____ СВОЙСТВ",кислотных,[+] кислотных | окислительных | восстановительных | основных
992d71ca1951fce6911bfe236cc94f06,,ПРИ СМАЧИВАНИИ ВНУТРЕННЕЙ ПОВЕРХНОСТИ КРУШИНЫ КОРЫ ГИДРОКСИДА НАТРИЯ РАСТВОРОМ 10% НАБЛЮДАЕТСЯ ____ ОКРАШИВАНИЕ,кроваво-красное,[+] кроваво-красное | черно-зеленое | черно-синее | фиолетовое
9308fe7105755c0c4f8c4d7b5d86c78a,,ИЗ ПОСТОРОННИХ ПРИМЕСЕЙ ДЛЯ СЫРЬЯ – КОРА ДУБА РЕГЛАМЕНТИРУЕТСЯ СОДЕРЖАНИЕ КУСОЧКОВ КОРЫ,потемневших с внутренней стороны,[+] потемневших с внутренней стороны | трещиноватых с поверхности | гладких с внутренней стороны | покрытых кустистыми лишайниками
56d3f41137454c3ad6e45fc6f976509f,,ИДЕНТИФИКАЦИЯ КОМПОНЕНТОВ АНАЛИЗИРУЕМОЙ СМЕСИ ВЕЩЕСТВ МЕТОДОМ ГЖХ ОСУЩЕСТВЛЯЕТСЯ ПО,расстоянию от момента ввода пробы до максимума пика анализируемого вещества,[+] расстоянию от момента ввода пробы до максимума пика анализируемого вещества | расстоянию от максимума пика воздуха до максимума пика вещества | времени между появлением на хроматограмме двух соседних пиков | расстоянию от нулевой линии до вершины пика вещества
733576d5d2ccee77e4f4557b8da1ead5,,СПИРТ 96% ПРИМЕНЯЮТ ДЛЯ ОБНАРУЖЕНИЯ В ЛЕКАРСТВЕННОМ РАСТИТЕЛЬНОМ СЫРЬЕ,полисахаридов,[+] полисахаридов | сапонинов | витаминов | флавоноидов
a3fcd17c8e55e43e98ed060241520a6b,,ОСНОВНОЕ ФАРМАКОЛОГИЧЕСКОЕ ДЕЙСТВИЕ СЫРЬЯ И ПРЕПАРАТОВ РЯБИНЫ ОБЫКНОВЕННОЙ,поливитаминное,[+] поливитаминное | гипотензивное | отхаркивающее | слабительное
97048b45fb8a1d6696646551e0f81a4d,,СПЕКТРОМ ПОГЛОЩЕНИЯ ВЕЩЕСТВА НАЗЫВАЮТ ЗАВИСИМОСТЬ,показателя поглощения от длины волны,[+] показателя поглощения от длины волны | показателя поглощения от концентрации фотометрируемого раствора | концентрации фотометрируемого раствора от толщины слоя кюветы | показателя поглощения от толщины слоя кюветы
62b35d78ef332af01f2ca57701370b77,,К ХРОМОФОРАМ ОТНОСЯТ,"химические группы, обуславливающие светопоглощение","[+] химические группы, обуславливающие светопоглощение | химические группы, усиливающие светопоглощение | комплектующие спектрофотометра, выделяющие свет конкретной длины волны | устройства для преобразования световой энергии в электрическую"
7fcb4b1f614006819c4f63cfed9cb8ad,,ДЛЯ ОПРЕДЕЛЕНИЯ СОДЕРЖАНИЯ ОСТАТОЧНЫХ ОРГАНИЧЕСКИХ РАСТВОРИТЕЛЕЙ В ФАРМАЦЕВТИЧЕСКИХ СУБСТАНЦИЯХ ИСПОЛЬЗУЮТ МЕТОД,газовой хроматографии,[+] газовой хроматографии | тонкослойной хроматографии | рефрактометрии | поляриметрии
9ef24cbc15ab80a2e0ec80919eeaa380,,"КОЛИЧЕСТВЕННОЕ СОДЕРЖАНИЕ КОМПОНЕНТОВ В АНАЛИЗИРУЕМОЙ СМЕСИ ПРИ ХРОМАТОГРАФИЧЕСКОМ АНАЛИЗЕ ХАРАКТЕРИЗУЕТСЯ ТАКИМ ПАРАМЕТРОМ, КАК",площадь пика,[+] площадь пика | изотерма адсорбции | ширина пика | время удерживания
d43c0be2da4857fd531845f4440bd5de,,"ПАРАМЕТРОМ, ХАРАКТЕРИЗУЮЩИМ СТЕПЕНЬ РАЗМЫВАНИЯ ХРОМАТОГРАФИЧЕСКОГО ПИКА, ЯВЛЯЕТСЯ",эффективность,[+] эффективность | высота | разрешение | площадь
110332beed983f464a6d30ad117c1387,,В КАЧЕСТВЕ СОРБЕНТА В МЕТОДЕ ВЫСОКОЭФФЕКТИВНОЙ ЖИДКОСТНОЙ ХРОМАТОГРАФИИ ИСПОЛЬЗУЮТ,тонкоизмельченный силикагель,[+] тонкоизмельченный силикагель | полипропиленгликоля адипинат | активированный уголь | оксид алюминия
83975ffec95f17b6e2ea0d770f19dcc0,,В КАЧЕСТВЕ ЛЕКАРСТВЕННОГО РАСТИТЕЛЬНОГО СЫРЬЯ У ЧЕРЕМУХИ ОБЫКНОВЕННОЙ ЗАГОТАВЛИВАЮТ МОРФОЛОГИЧЕСКУЮ ГРУППУ,Fructus,[+] Fructus | Herba | Cortex | Folia
996302ebbf6be72d2ff83f7470ea81eb,,"К КАКОМУ РАСТЕНИЮ ОТНОСИТСЯ СЫРЬЁ, СОДЕРЖАЩЕЕ АЛКАЛОИД И ВЫЗЫВАЮЩЕЕ ОТРАВЛЕНИЕ, С ДИАГНОСТИЧЕСКИМИ ПРИЗНАКАМИ: СТЕБЛИ ЦИЛИНДРИЧЕСКИЕ, ДЛИНОЙ ДО 4 СМ, ТОЛЩИНОЙ ДО 1,5 СМ, СВЕТЛО-ЗЕЛЕНЫЕ С РЫХЛОЙ СЕРДЦЕВИНОЙ, ЦВЕТКИ ОДИНОЧНЫЕ, ЧАШЕЧКА ЗУБЧАТАЯ, ВЕНЧИК ТРУБЧАТО-КОЛОКОЛЬЧИКОВЫЙ, БУРО-ФИОЛЕТОВЫЙ?",белладонне,[+] белладонне | крушине | одуванчику | крапиве
677cfb519d9f18c59a48e98c1bf3ce87,,ПОД ДОБРОКАЧЕСТВЕННОСТЬЮ ЛЕКАРСТВЕННОГО РАСТИТЕЛЬНОГО СЫРЬЯ ПОНИМАЮТ СООТВЕТСТВИЕ СЫРЬЯ,всем требованиям нормативной документации,[+] всем требованиям нормативной документации | своему наименованию | содержанию примесей | срокам годности
8b138302883c9f4741108fe9a535e4f7,,"МИКРОСКОПИЧЕСКИЕ ПРИЗНАКИ, ПРЕДСТАВЛЕННЫЕ НА РИСУНКЕ, СООТВЕТСТВУЮТ РАСТЕНИЮ",наперстянка пурпурная,[+] наперстянка пурпурная | желтушник раскидистый | алтей лекарственный | ландыш майский
9d968562a2ece66eb151e33bb0d8dd23,,КУМУЛЯТИВНОЕ ДЕЙСТВИЕ СЕРДЕЧНЫХ ГЛИКОЗИДОВ ОБУСЛОВЛЕНО НАЛИЧИЕМ В ПОЛОЖЕНИИ 10 АГЛИКОНА (С10) ГРУППЫ,метильной,[+] метильной | метоксильной | карбоксильной | альдегидной
dfc2b5eb56302c81e590eb5be86757f0,,"РАСТЕНИЕМ, ПРЕДСТАВЛЕННЫМ НА РИСУНКЕ, ЯВЛЯЕТСЯ",дурман обыкновенный,[+] дурман обыкновенный | катарантус розовый | белена чёрная | красавка обыкновенная
